Apple iPhone 13 Pro (256GB) - Gold,"1,15,900"
Apple iPhone 13 Pro (256 GB) - Alpine Green,"1,15,900"
Apple iPhone 13 Pro (256GB) - Sierra Blue,"1,15,900"
Apple iPhone 13 Pro (128 GB) - Alpine Green,"1,06,900"
Apple iPhone 13 Pro (128GB) - Sierra Blue,"1,06,900"
Apple iPhone 12 (128GB) - Black,"54,490"
Apple iPhone 12 (64GB) - Purple,"47,999"
Apple iPhone 13 Pro (256GB) - Graphite,"1,15,900"
Apple iPhone 13 Pro (128GB) - Graphite,"1,06,900"
Apple iPhone 13 Pro Max (256GB) - Graphite,"1,19,900"
Apple iPhone 12 (256GB) - Blue,"62,999"
Apple iPhone 13 Pro (1TB) - Sierra Blue,"1,59,900"
Apple iPhone 13 Pro (128GB) - Silver,"1,06,900"
iPhone 14 Plus 128GB (Product) RED,"89,900"
Apple iPhone 12 (128GB) - White,"54,490"
Apple iPhone 12 (64GB) - Black,"47,999"
Apple iPhone 13 Pro (512GB) - Silver,"1,45,900"
Apple iPhone 12 (128GB) - (Product) RED,"54,490"
iPhone 14 Plus 256GB (Product) RED,"99,900"
Apple iPhone 12 (64GB) - White,"47,999"
iPhone 14 Plus 256GB Purple,"99,900"
iPhone 14 Plus 512GB Midnight,"1,19,900"
Apple iPhone 12 (128GB) - Blue,"54,490"
Apple iPhone 12 (64GB) - Blue,"47,999"
